{"cameraMode":{"drawMode":0,"name":"Shaded","section":"Shading Mode"},"sceneLighting":false,"audioPlay":false,"sceneViewState":{"m_AlwaysRefresh":false,"showFog":false,"showSkybox":false,"showFlares":false,"showImageEffects":false,"showParticleSystems":false,"showVisualEffectGraphs":true,"m_FxEnabled":true},"in2DMode":false,"pivot":{"x":2.384185791015625e-7,"y":0.8423852920532227,"z":0.02730274200439453},"rotation":{"x":0.12524491548538209,"y":-0.6532138586044312,"z":0.11078502237796784,"w":0.7384843826293945},"size":1.1238329410552979,"orthographic":false}