{"cameraMode":{"drawMode":0,"name":"Shaded","section":"Shading Mode"},"sceneLighting":false,"audioPlay":false,"sceneViewState":{"m_AlwaysRefresh":false,"showFog":false,"showSkybox":false,"showFlares":false,"showImageEffects":false,"showParticleSystems":false,"showVisualEffectGraphs":true,"m_FxEnabled":true},"in2DMode":false,"pivot":{"x":-0.09605862200260163,"y":0.8906704187393189,"z":0.11142559349536896},"rotation":{"x":0.07214107364416123,"y":-0.8894420266151428,"z":0.1508486121892929,"w":0.4253709018230438},"size":1.463523268699646,"orthographic":false}